FEATURE,OPTIMAL_LAMBDA
BALANCE,0.20025826782100722
ONEOFF_PURCHASES,-0.049618590609496895
INSTALLMENTS_PURCHASES,0.007441699000976432
CASH_ADVANCE,-0.09075362261887039
CASH_ADVANCE_TRX,-0.6976722634223911
PURCHASES_TRX,-0.008334142899593652
KNN_IMPUTED_CREDIT_LIMIT,0.05266068087664326
PAYMENTS,0.19916617158845726
KNN_IMPUTED_MINIMUM_PAYMENTS,-0.04142482547912927
