FEATURE,OPTIMAL_LAMBDA
BALANCE,0.19743103652985877
ONEOFF_PURCHASES,-0.0595294058981602
INSTALLMENTS_PURCHASES,0.008333103930625245
CASH_ADVANCE,-0.08468448027066666
CASH_ADVANCE_TRX,-0.676459528953323
PURCHASES_TRX,-0.013021408823130177
KNN_IMPUTED_CREDIT_LIMIT,0.05427960390476426
PAYMENTS,0.20029509825414643
KNN_IMPUTED_MINIMUM_PAYMENTS,-0.052192705100104826
